---
title: 13.2.12 多表连接查询 2. SQL99的连接查询
categories: 
  - 1 疯狂Java讲义 (第4版)
  - 第13章 MySQL数据库与JDBC编程
  - 13.2 SQL语法
abbrlink: 8d4ebfd8
date: 2019-05-28 17:56:30
updated: 2022-04-03 01:21:14
---
# 13.2.12 多表连接查询 2. SQL99的连接查询 #
`SQL99`的连接查询与`SQL92`的连接查询原理基本相似,不同的是`SQL99`连接查询的可读性更强——查询用的多个数据表显式使用`xxx join`连接,而不是直接依次排列在`from`之后,`from`后只需要放一个数据表;连接条件不再放在`where`之后,而是**提供了专门的连接条件子句**。
## 交叉连接 ##
**交叉连接**(`cross join`):交叉连接效果就是`SQL92`中的广义笛卡儿积,所以交叉连接无须任何连接条件,如下`SQL`语句所示:
```sql
select s.*,teacher_name
# SQL99多表连接查询from后只有一个表名
from student_table s
#cross join交叉连接,相当于广义笛卡尔积
cross join teacher_table t;
```
查询结果:
```cmd
mysql> select * from teacher_table;
+------------+--------------+
| teacher_id | teacher_name |
+------------+--------------+
|          1 | Yeeku        |
|          2 | Leegang      |
|          3 | Martine      |
+------------+--------------+
3 rows in set
mysql> select * from student_table;
+------------+--------------+--------------+
| student_id | student_name | java_teacher |
+------------+--------------+--------------+
|          1 | 张三         |            1 |
|          2 | 张三         |            1 |
|          3 | 李四         |            1 |
|          4 | 王五         |            2 |
|          5 | _王五        |            2 |
|          6 | NULL         |            2 |
|          7 | 赵六         |            3 |
+------------+--------------+--------------+
7 rows in set
mysql> select s.*,teacher_name
# SQL99多表连接查询from后只有一个表名
from student_table s
#cross join交叉连接,相当于广义笛卡尔积
cross join teacher_table t;
+------------+--------------+--------------+--------------+
| student_id | student_name | java_teacher | teacher_name |
+------------+--------------+--------------+--------------+
|          1 | 张三         |            1 | Yeeku        |
|          1 | 张三         |            1 | Leegang      |
|          1 | 张三         |            1 | Martine      |
|          2 | 张三         |            1 | Yeeku        |
|          2 | 张三         |            1 | Leegang      |
|          2 | 张三         |            1 | Martine      |
|          3 | 李四         |            1 | Yeeku        |
|          3 | 李四         |            1 | Leegang      |
|          3 | 李四         |            1 | Martine      |
|          4 | 王五         |            2 | Yeeku        |
|          4 | 王五         |            2 | Leegang      |
|          4 | 王五         |            2 | Martine      |
|          5 | _王五        |            2 | Yeeku        |
|          5 | _王五        |            2 | Leegang      |
|          5 | _王五        |            2 | Martine      |
|          6 | NULL         |            2 | Yeeku        |
|          6 | NULL         |            2 | Leegang      |
|          6 | NULL         |            2 | Martine      |
|          7 | 赵六         |            3 | Yeeku        |
|          7 | 赵六         |            3 | Leegang      |
|          7 | 赵六         |            3 | Martine      |
+------------+--------------+--------------+--------------+
```
## 自然连接 ##
**自然连接**(`natural join`):自然连接表面上看起来也无须指定连接条件,但**自然连接是有连接条件的,自然连接会以两个表中的同名列作为连接条件;如果两个表中没有同名列,则自然连接与交叉连接效果完全一样——因为没有连接条件**。如下`SQL`语句所示:
```sql
select s.*,teacher_name
# SQL99多表连接查询from后只有一个表名
from student_table s
# natural join 自然连接使用两个表中的同名列作为连接条件
natural join teacher_table t;
```
运行结果:
```cmd
mysql> select * from student_table;
+------------+--------------+--------------+
| student_id | student_name | java_teacher |
+------------+--------------+--------------+
|          1 | 张三         |            1 |
|          2 | 张三         |            1 |
|          3 | 李四         |            1 |
|          4 | 王五         |            2 |
|          5 | _王五        |            2 |
|          6 | NULL         |            2 |
|          7 | 赵六         |            3 |
+------------+--------------+--------------+
7 rows in set
mysql> select * from teacher_table;
+------------+--------------+
| teacher_id | teacher_name |
+------------+--------------+
|          1 | Yeeku        |
|          2 | Leegang      |
|          3 | Martine      |
+------------+--------------+
3 rows in set
mysql> select s.*,teacher_name
# SQL99多表连接查询from后只有一个表名
from student_table s
# natural join 自然连接使用两个表中的同名列作为连接条件
natural join teacher_table t;
+------------+--------------+--------------+--------------+
| student_id | student_name | java_teacher | teacher_name |
+------------+--------------+--------------+--------------+
|          1 | 张三         |            1 | Yeeku        |
|          1 | 张三         |            1 | Leegang      |
|          1 | 张三         |            1 | Martine      |
|          2 | 张三         |            1 | Yeeku        |
|          2 | 张三         |            1 | Leegang      |
|          2 | 张三         |            1 | Martine      |
|          3 | 李四         |            1 | Yeeku        |
|          3 | 李四         |            1 | Leegang      |
|          3 | 李四         |            1 | Martine      |
|          4 | 王五         |            2 | Yeeku        |
|          4 | 王五         |            2 | Leegang      |
|          4 | 王五         |            2 | Martine      |
|          5 | _王五        |            2 | Yeeku        |
|          5 | _王五        |            2 | Leegang      |
|          5 | _王五        |            2 | Martine      |
|          6 | NULL         |            2 | Yeeku        |
|          6 | NULL         |            2 | Leegang      |
|          6 | NULL         |            2 | Martine      |
|          7 | 赵六         |            3 | Yeeku        |
|          7 | 赵六         |            3 | Leegang      |
|          7 | 赵六         |            3 | Martine      |
+------------+--------------+--------------+--------------+
21 rows in set
```
## using子句 ##
`using`子句连接:`using`子句可以`指定一列或多列`,**用于显式指定两个表中的同名列作为连接条件**。假设两个表中有超过一列的同名列,如果**使用`natural join`,则会把所有的同名列当成连接条件;使用`using`子句,就可显式指定使用`哪些同名列`作为连接条件**。如下`SQL`语句所示:
```sql
select s.*,teacher_name
from student_table s
# join 连接另一个表
join teacher_table t
using(teacher_id);
```
运行结果:
```cmd
mysql> select s.*,teacher_name
from student_table s
# join 连接另一个表
join teacher_table t
using(teacher_id);
1054 - Unknown column 'teacher_id' in 'from clause'
```
运行上面语句将出现一个错误,因为`student_table`表中并不存在名为`teacher_id`的列。也就是说,如果**使用`using`子句来指定连接条件,则两个表中必须有同名列**,否则就会出现错误。
## on子句连接 ##
`on`子句连接:这是**最常用的连接方式**,`SQL99`语法的连接条件放在`on`子句中指定,而且每个`on`子句只指定一个连接条件。这意味着:如果需要进行N表连接,则需要有`N-1`个`join...on`对。如下`SQL`语句所示:
```sql
select s.*,teacher_name
from student_table s
join teacher_table t
on s.java_teacher=t.teacher_id;
```
运行结果:
```cmd
mysql> select * from student_table;
+------------+--------------+--------------+
| student_id | student_name | java_teacher |
+------------+--------------+--------------+
|          1 | 张三         |            1 |
|          2 | 张三         |            1 |
|          3 | 李四         |            1 |
|          4 | 王五         |            2 |
|          5 | _王五        |            2 |
|          6 | NULL         |            2 |
|          7 | 赵六         |            3 |
+------------+--------------+--------------+
7 rows in set
mysql> select * from teacher_table;
+------------+--------------+
| teacher_id | teacher_name |
+------------+--------------+
|          1 | Yeeku        |
|          2 | Leegang      |
|          3 | Martine      |
+------------+--------------+
3 rows in set
mysql> select s.*,teacher_name
from student_table s
join teacher_table t
on s.java_teacher=t.teacher_id;
+------------+--------------+--------------+--------------+
| student_id | student_name | java_teacher | teacher_name |
+------------+--------------+--------------+--------------+
|          1 | 张三         |            1 | Yeeku        |
|          2 | 张三         |            1 | Yeeku        |
|          3 | 李四         |            1 | Yeeku        |
|          4 | 王五         |            2 | Leegang      |
|          5 | _王五        |            2 | Leegang      |
|          6 | NULL         |            2 | Leegang      |
|          7 | 赵六         |            3 | Martine      |
+------------+--------------+--------------+--------------+
7 rows in set
```
使用`on`子句的连接完全可以代替`SQL92`中的等值连接、非等值连接,因为`on`子句的连接条件除了等值条件之外,也可以是非等值条件。如下`SQL`语句就是`SQL99`中的非等值连接。
```sql
select s.*,teacher_name
from student_table s
join teacher_table t
# 使用on来指定连接条件:非等值连接
on s.java_teacher >t.teacher_id;
```
运行效果:
```cmd
mysql> select * from student_table;
+------------+--------------+--------------+
| student_id | student_name | java_teacher |
+------------+--------------+--------------+
|          1 | 张三         |            1 |
|          2 | 张三         |            1 |
|          3 | 李四         |            1 |
|          4 | 王五         |            2 |
|          5 | _王五        |            2 |
|          6 | NULL         |            2 |
|          7 | 赵六         |            3 |
+------------+--------------+--------------+
7 rows in set
mysql> select * from teacher_table;
+------------+--------------+
| teacher_id | teacher_name |
+------------+--------------+
|          1 | Yeeku        |
|          2 | Leegang      |
|          3 | Martine      |
+------------+--------------+
3 rows in set
mysql> select s.*,teacher_id,teacher_name
from student_table s
join teacher_table t
# 使用on来指定连接条件:非等值连接
on s.java_teacher >t.teacher_id;
+------------+--------------+--------------+------------+--------------+
| student_id | student_name | java_teacher | teacher_id | teacher_name |
+------------+--------------+--------------+------------+--------------+
|          4 | 王五         |            2 |          1 | Yeeku        |
|          5 | _王五        |            2 |          1 | Yeeku        |
|          6 | NULL         |            2 |          1 | Yeeku        |
|          7 | 赵六         |            3 |          1 | Yeeku        |
|          7 | 赵六         |            3 |          2 | Leegang      |
+------------+--------------+--------------+------------+--------------+
5 rows in set
```
## 外连接 ##
左、右、全外连接:这三种外连接分别使用`left[outer]join`、`right[outer]join`和`full[outer]join`,这三种外连接的连接条件一样通过`on`子句来指定,既可以是等值连接条件,也可以是非等值连接条件。
### 右外连接 ###
下面使用右外连接,连接条件是非等值连接。
```sql
select s.*,teacher_id,teacher_name
from student_table s
right join teacher_table t
on s.java_teacher<t.teacher_id;
```
运行效果:
```cmd
mysql> select * from student_table;
+------------+--------------+--------------+
| student_id | student_name | java_teacher |
+------------+--------------+--------------+
|          1 | 张三         |            1 |
|          2 | 张三         |            1 |
|          3 | 李四         |            1 |
|          4 | 王五         |            2 |
|          5 | _王五        |            2 |
|          6 | NULL         |            2 |
|          7 | 赵六         |            3 |
+------------+--------------+--------------+
7 rows in set
mysql> select * from teacher_table;
+------------+--------------+
| teacher_id | teacher_name |
+------------+--------------+
|          1 | Yeeku        |
|          2 | Leegang      |
|          3 | Martine      |
+------------+--------------+
3 rows in set
mysql> select s.*,teacher_id,teacher_name
from student_table s
right join teacher_table t
on s.java_teacher<t.teacher_id;
+------------+--------------+--------------+------------+--------------+
| student_id | student_name | java_teacher | teacher_id | teacher_name |
+------------+--------------+--------------+------------+--------------+
| NULL       | NULL         | NULL         |          1 | Yeeku        |
|          1 | 张三         |            1 |          2 | Leegang      |
|          2 | 张三         |            1 |          2 | Leegang      |
|          3 | 李四         |            1 |          2 | Leegang      |
|          1 | 张三         |            1 |          3 | Martine      |
|          2 | 张三         |            1 |          3 | Martine      |
|          3 | 李四         |            1 |          3 | Martine      |
|          4 | 王五         |            2 |          3 | Martine      |
|          5 | _王五        |            2 |          3 | Martine      |
|          6 | NULL         |            2 |          3 | Martine      |
+------------+--------------+--------------+------------+--------------+
10 rows in set
```
### 左外连接 ###
下面使用左外连接,连接条件是非等值连接。
```sql
select s.*,teacher_name
from student_table s
left join teacher_table t
on s.java_teacher>t.teacher_id;
```
运行结果:
```cmd
mysql> select * from student_table;
+------------+--------------+--------------+
| student_id | student_name | java_teacher |
+------------+--------------+--------------+
|          1 | 张三         |            1 |
|          2 | 张三         |            1 |
|          3 | 李四         |            1 |
|          4 | 王五         |            2 |
|          5 | _王五        |            2 |
|          6 | NULL         |            2 |
|          7 | 赵六         |            3 |
+------------+--------------+--------------+
7 rows in set
mysql> select * from teacher_table;
+------------+--------------+
| teacher_id | teacher_name |
+------------+--------------+
|          1 | Yeeku        |
|          2 | Leegang      |
|          3 | Martine      |
+------------+--------------+
3 rows in set
mysql> select s.*,teacher_id,teacher_name
from student_table s
left join teacher_table t
on s.java_teacher>t.teacher_id;
+------------+--------------+--------------+------------+--------------+
| student_id | student_name | java_teacher | teacher_id | teacher_name |
+------------+--------------+--------------+------------+--------------+
|          1 | 张三         |            1 | NULL       | NULL         |
|          2 | 张三         |            1 | NULL       | NULL         |
|          3 | 李四         |            1 | NULL       | NULL         |
|          4 | 王五         |            2 |          1 | Yeeku        |
|          5 | _王五        |            2 |          1 | Yeeku        |
|          6 | NULL         |            2 |          1 | Yeeku        |
|          7 | 赵六         |            3 |          1 | Yeeku        |
|          7 | 赵六         |            3 |          2 | Leegang      |
+------------+--------------+--------------+------------+--------------+
8 rows in set

```
运行上面两条外连接语句并查看它们的运行结果,不难发现`SQL99`外连接与`SQL92`外连接恰好相反,**`SQL99`左外连接将会把左边表中所有`不满足连接条件的记录`全部列出;`SQL99`右外连接将会把右边表中所有不满足连接条件的记录全部列出**。
### 全外连接 ###
下面的`SQL`语句使用全外连接,连接条件是等值连接。
```sql
select s.*,teacher_name
from student_table s
full join teacher_table t
on s.java_teacher=t.teacher_id;
```
运行错误:
```cmd
1064 - You have an error in your SQL syntax; check the manual that corresponds to your MySQL server version for the right syntax to use near 'full join teacher_table t
on s.java_teacher=t.teacher_id' at line 3
```
**`SQL99`的全外连接将会把两个表中所有不满足连接条件的记录全部列出**。
注意运行上面查询语句时会出现错误,这是因为**`MySQL`并不支持全外连接**。

