---
title: 13.2.8 DML语句语法 2.update语句
categories: 
  - 1 疯狂Java讲义 (第4版)
  - 第13章 MySQL数据库与JDBC编程
  - 13.2 SQL语法
abbrlink: cfec354f
date: 2019-05-24 15:03:22
updated: 2022-04-03 01:21:14
---
# 13.2.8 DML语句语法 2.update语句 #
**`update`语句用于修改数据表的记录，每次可以修改多条记录**，**通过使用`where`子句限定修改哪些记录**。`where`子句是一个条件表达式，该条件表达式类似于`Java`语言的`if`，只有符合该条件的记录才会被修改。**没有`where`子句则意味着`where`表达式的值总是`true`，即该表的所有记录都会被修改**。
## 语法格式 ##
`update`语句的语法格式如下：
```sql
update table_name
set column1=value [,column2=value2,...]
[where condition];
```
使用`update`语句不仅可以一次修改多条记录，也可以一次修改多列。修改多列都是通过在`set`关键字后使用`column1=value1,column2=value2…`来实现的,修改多列的值之间以英文逗号(`,`)隔开。
## 更新列中的所有内容 ##
下面的`SQL`语句将会把`teacher_table2`表中所有记录的`teacher_name`列的值都改为`'孙悟空'`。
```sql
update teacher_table2
set teacher_name='孙悟空';
```
运行效果:
```cmd
mysql> select * from teacher_table2;
+------------+--------------+
| teacher_id | teacher_name |
+------------+--------------+
|          1 | xyz          |
|          2 | abx          |
+------------+--------------+
2 rows in set

mysql> update teacher_table2
set teacher_name='孙悟空';
Query OK, 2 rows affected
Rows matched: 2  Changed: 2  Warnings: 0

mysql> select * from teacher_table2;
+------------+--------------+
| teacher_id | teacher_name |
+------------+--------------+
|          1 | 孙悟空       |
|          2 | 孙悟空       |
+------------+--------------+
2 rows in set
```
## 更新指定记录 ##
也可以通过添加`where`条件来指定只修改特定记录，如下`SQL`语句所示:
```sql
update teacher_table2
set teacher_name='美猴王'
where teacher_id>=2;
```
运行效果:
```cmd
mysql> select * from teacher_table2;
+------------+--------------+
| teacher_id | teacher_name |
+------------+--------------+
|          1 | 孙悟空       |
|          2 | 孙悟空       |
+------------+--------------+
2 rows in set

mysql> update teacher_table2
set teacher_name='美猴王'
where teacher_id>=2;
Query OK, 1 row affected
Rows matched: 1  Changed: 1  Warnings: 0

mysql> select * from teacher_table2;
+------------+--------------+
| teacher_id | teacher_name |
+------------+--------------+
|          1 | 孙悟空       |
|          2 | 美猴王       |
+------------+--------------+
2 rows in set
```

