---
title: 13.2.9 单表查询2 where子句 order by子句
categories: 
  - 疯狂Java讲义 (第4版)
  - 第13章 MySQL数据库与JDBC编程
  - 13.2 SQL语法
date: 2019-05-25 23:21:51
updated: 2019-11-02 01:39:01
abbrlink: ac20faa4
---
- [where子句](/ReadingNotes/ac20faa4/#where子句)
    - [between运算符](/ReadingNotes/ac20faa4/#between运算符)
- [要求java_teacher<=2,并且2<=student_id](/ReadingNotes/ac20faa4/#要求java-teacher<=2,并且2<=student-id)
- [也就是java_teacher<=2,并且student_id>=2](/ReadingNotes/ac20faa4/#也就是java-teacher<=2,并且student-id>=2)
- [要求java_teacher<=2,并且2<=student_id](/ReadingNotes/ac20faa4/#要求java-teacher<=2,并且2<=student-id)
- [也就是java_teacher<=2,并且student_id>=2](/ReadingNotes/ac20faa4/#也就是java-teacher<=2,并且student-id>=2)
    - [in运算符](/ReadingNotes/ac20faa4/#in运算符)
- [要求student_id等于2或者student_id等于4即可](/ReadingNotes/ac20faa4/#要求student-id等于2或者student-id等于4即可)
- [要求student_id等于2或者student_id等于4即可](/ReadingNotes/ac20faa4/#要求student-id等于2或者student-id等于4即可)
- [要求2等于student_id或者2等于java_teacher](/ReadingNotes/ac20faa4/#要求2等于student-id或者2等于java-teacher)
- [也就是student_id等于2或者java_teacher等于2](/ReadingNotes/ac20faa4/#也就是student-id等于2或者java-teacher等于2)
    - [like运算符](/ReadingNotes/ac20faa4/#like运算符)
        - [通配符](/ReadingNotes/ac20faa4/#通配符)
        - [转义字符](/ReadingNotes/ac20faa4/#转义字符)
- [自定义**/**作为转义字符](/ReadingNotes/ac20faa4/#自定义-作为转义字符)
- [自定义**/**作为转义字符](/ReadingNotes/ac20faa4/#自定义-作为转义字符)
    - [is null](/ReadingNotes/ac20faa4/#is-null)
    - [and or not运算符](/ReadingNotes/ac20faa4/#and-or-not运算符)
    - [比较运算符 逻辑运算符的优先级](/ReadingNotes/ac20faa4/#比较运算符-逻辑运算符的优先级)
- [使用括号强制先计算or运算](/ReadingNotes/ac20faa4/#使用括号强制先计算or运算)
- [order by子句](/ReadingNotes/ac20faa4/#order-by子句)
    - [升序排列](/ReadingNotes/ac20faa4/#升序排列)
    - [降序排列](/ReadingNotes/ac20faa4/#降序排列)
    - [按多列排序](/ReadingNotes/ac20faa4/#按多列排序)

<!--more-->
<script src="https://cdn.bootcss.com/jquery/3.4.0/jquery.slim.min.js"></script>
<script>$(document).ready(function () {$(".post-body > ul:nth-child(1)").hide();});</script>

<!--end-->
# where子句 #
前面已经看到了**`where`子句的作用——可以控制只选择指定的行**。因为`where`子句里包含的是一个条件表达式，所以可以使用`>`、`>=`、`<`、`<=`、`=`和`<>`等基本的比较运算符。`SQL`中的比较运算符不仅可以比较数值之间的大小，也可以比较字符串、日期之间的大小。
**注意**
`SQL`中判断两个值是否**相等的比较运算符是单等号**,判断**不相等的运算符是`<>`**;`SQL`中的**赋值运算符不是等号,而是冒号等号**(`:=`)。
除此之外，`SQL`还支持如表13.3所示的特殊的比较运算符。
<center><strong>表13.3特殊的比较运算符</strong></center>

|运算符|含义|
|:---|:---|
|`表达式1 between表达式2 and 表达式3`|要求`表达式1>=表达式2`,并且`表达式1<=表达式3`|
|`表达式1 in(表达式2,表达式2,表达式3,表达式4,...)`|要求`表达式1`等于后面括号里任意一个表达式的值就行,括号中的表达式可以有多个,但只要与其中一个相等即可|
|`like`|字符串匹配,`like`后面的字符串支持通配符|
|`is null`|要求制定值等于`null`|

## between运算符 ##
下面的`SQL`语句选出`student_id`大于等于2，且`student_id`小于等于4的所有记录。
```sql
select * from student_table
where student_id between 2 and 4;
```
运行结果:
```cmd
mysql> select * from student_table;
+------------+--------------+--------------+
| student_id | student_name | java_teacher |
+------------+--------------+--------------+
|          1 | 张三         |            1 |
|          2 | 张三         |            1 |
|          3 | 李四         |            1 |
|          4 | 王五         |            2 |
|          5 | _王五        |            2 |
|          6 | NULL         |            2 |
|          7 | 赵六         |            3 |
+------------+--------------+--------------+
7 rows in set
mysql> select * from student_table
where student_id between 2 and 4;
+------------+--------------+--------------+
| student_id | student_name | java_teacher |
+------------+--------------+--------------+
|          2 | 张三         |            1 |
|          3 | 李四         |            1 |
|          4 | 王五         |            2 |
+------------+--------------+--------------+
3 rows in set
```
**使用`between value1 and value2`必须保证`value1`小于`value2`，否则将选不出任何记录**。除此之外，`between value1 and value2`中的两个值不仅可以是常量，也可以是变量，或者是列名也行。
如下`SQL`语句选出`java_teacher`小于等于2，`student_id`大于等于2的所有记录。
```sql
select * from student_table
# 要求java_teacher<=2,并且2<=student_id
# 也就是java_teacher<=2,并且student_id>=2
where 2 between java_teacher and student_id;
```
运行结果:
```cmd
mysql> select * from student_table;
+------------+--------------+--------------+
| student_id | student_name | java_teacher |
+------------+--------------+--------------+
|          1 | 张三         |            1 |
|          2 | 张三         |            1 |
|          3 | 李四         |            1 |
|          4 | 王五         |            2 |
|          5 | _王五        |            2 |
|          6 | NULL         |            2 |
|          7 | 赵六         |            3 |
+------------+--------------+--------------+
7 rows in set
mysql> select * from student_table
# 要求java_teacher<=2,并且2<=student_id
# 也就是java_teacher<=2,并且student_id>=2
where 2 between java_teacher and student_id;
+------------+--------------+--------------+
| student_id | student_name | java_teacher |
+------------+--------------+--------------+
|          2 | 张三         |            1 |
|          3 | 李四         |            1 |
|          4 | 王五         |            2 |
|          5 | _王五        |            2 |
|          6 | NULL         |            2 |
+------------+--------------+--------------+
5 rows in set
mysql> 
```
## in运算符 ##
使用`in`比较运算符时，必须在`in`后的括号里列出一个或多个值，它**要求指定列必须与`in`括号里任意一个值相等**。如下`SQL`语句所示：
```sql
select * from student_table
# 要求student_id等于2或者student_id等于4即可
where student_id in(2,4);
```
查询结果:
```cmd
mysql> select * from student_table;
+------------+--------------+--------------+
| student_id | student_name | java_teacher |
+------------+--------------+--------------+
|          1 | 张三         |            1 |
|          2 | 张三         |            1 |
|          3 | 李四         |            1 |
|          4 | 王五         |            2 |
|          5 | _王五        |            2 |
|          6 | NULL         |            2 |
|          7 | 赵六         |            3 |
+------------+--------------+--------------+
7 rows in set
mysql> select * from student_table
# 要求student_id等于2或者student_id等于4即可
where student_id in(2,4);
+------------+--------------+--------------+
| student_id | student_name | java_teacher |
+------------+--------------+--------------+
|          2 | 张三         |            1 |
|          4 | 王五         |            2 |
+------------+--------------+--------------+
2 rows in set

```
与之类似的是，`in`括号里的值既可以是常量，也可以是变量或者列名，如下`SQL`语句所示：
```sql
select * from student_table
# 要求2等于student_id或者2等于java_teacher
# 也就是student_id等于2或者java_teacher等于2
where 2 in(student_id,java_teacher);
```
查询结果:
```cmd
mysql> select * from student_table;
+------------+--------------+--------------+
| student_id | student_name | java_teacher |
+------------+--------------+--------------+
|          1 | 张三         |            1 |
|          2 | 张三         |            1 |
|          3 | 李四         |            1 |
|          4 | 王五         |            2 |
|          5 | _王五        |            2 |
|          6 | NULL         |            2 |
|          7 | 赵六         |            3 |
+------------+--------------+--------------+
7 rows in set
mysql> select * from student_table
where 2 in(student_id,java_teacher);
+------------+--------------+--------------+
| student_id | student_name | java_teacher |
+------------+--------------+--------------+
|          2 | 张三         |            1 |
|          4 | 王五         |            2 |
|          5 | _王五        |            2 |
|          6 | NULL         |            2 |
+------------+--------------+--------------+
4 rows in set
```
## like运算符 ##
**`like`运算符主要用于进行模糊查询**，例如，若要查询名字以“`张`”开头的所有记录，这就需要用到模糊查询，在模糊查询中需要使用`like`关键字。
### 通配符 ###
`SQL`语句中可以使用两个通配符：下画线（`_`）和百分号（`%`），其中**下画线可以代表`一个任意的字符`**，**百分号可以代表`任意多个字符`**。如下`SQL`语句将查询出所有学生中名字以“张”开头的学生。
#### 查询性张的学生 ####
```sql
select * from student_table
where student_name like '张%';
```
查询结果:
```cmd
mysql> select * from student_table;
+------------+--------------+--------------+
| student_id | student_name | java_teacher |
+------------+--------------+--------------+
|          1 | 张三         |            1 |
|          2 | 张三         |            1 |
|          3 | 李四         |            1 |
|          4 | 王五         |            2 |
|          5 | _王五        |            2 |
|          6 | NULL         |            2 |
|          7 | 赵六         |            3 |
+------------+--------------+--------------+
7 rows in set
mysql> select * from student_table
where student_name like '张%';
+------------+--------------+--------------+
| student_id | student_name | java_teacher |
+------------+--------------+--------------+
|          1 | 张三         |            1 |
|          2 | 张三         |            1 |
+------------+--------------+--------------+
2 rows in set
```
#### 两个名字的学生 ####
下面的`SQL`语句将查询出名字为两个字符的所有学生。
```sql
select * from student_table
where student_name like '__';
```
查询结果:
```cmd
mysql> select * from student_table;
+------------+--------------+--------------+
| student_id | student_name | java_teacher |
+------------+--------------+--------------+
|          1 | 张三         |            1 |
|          2 | 张三         |            1 |
|          3 | 李四         |            1 |
|          4 | 王五         |            2 |
|          5 | _王五        |            2 |
|          6 | NULL         |            2 |
|          7 | 赵六         |            3 |
+------------+--------------+--------------+
7 rows in set
mysql> select * from student_table
where student_name like '__';
+------------+--------------+--------------+
| student_id | student_name | java_teacher |
+------------+--------------+--------------+
|          1 | 张三         |            1 |
|          2 | 张三         |            1 |
|          3 | 李四         |            1 |
|          4 | 王五         |            2 |
|          7 | 赵六         |            3 |
+------------+--------------+--------------+
5 rows in set

```
### 转义字符 ###
#### 反斜线转义 ####
在某些特殊的情况下,查询的条件里需要使用下画线或百分号,不希望`SQL`把下画线和百分号当成通配符使用,这就需要使用转义字符,`MySQL`使用反斜线(`\`)作为转义字符,如下`SQL`语句所示:
```sql
#选出所有名字以下划线开头的学生.
select * from student_table
where student_name like '\_%';
```
查询结果:
```cmd
mysql> select * from student_table;
+------------+--------------+--------------+
| student_id | student_name | java_teacher |
+------------+--------------+--------------+
|          1 | 张三         |            1 |
|          2 | 张三         |            1 |
|          3 | 李四         |            1 |
|          4 | 王五         |            2 |
|          5 | _王五        |            2 |
|          6 | NULL         |            2 |
|          7 | 赵六         |            3 |
+------------+--------------+--------------+
7 rows in set
mysql> select * from student_table
where student_name like '\_%';
+------------+--------------+--------------+
| student_id | student_name | java_teacher |
+------------+--------------+--------------+
|          5 | _王五        |            2 |
+------------+--------------+--------------+
1 row in set
```
#### 使用escape关键字自定义转义字符 ####
标准`SQL`语句并没有提供反斜线(`\`)的转义字符,而是使用`escape`关键字显式进行转义。例如,为了实现上面功能需要使用如下`SQL`语句:
```sql
#选出所有名字以下划线开头的学生
select * from student_table
# 自定义`/`作为转义字符
where student_name like '/_%' escape '/';
```
查询结果:
```cmd
mysql> select * from student_table;
+------------+--------------+--------------+
| student_id | student_name | java_teacher |
+------------+--------------+--------------+
|          1 | 张三         |            1 |
|          2 | 张三         |            1 |
|          3 | 李四         |            1 |
|          4 | 王五         |            2 |
|          5 | _王五        |            2 |
|          6 | NULL         |            2 |
|          7 | 赵六         |            3 |
+------------+--------------+--------------+
7 rows in set
mysql> select * from student_table
# 自定义`/`作为转义字符
where student_name like '/_%' escape '/';
+------------+--------------+--------------+
| student_id | student_name | java_teacher |
+------------+--------------+--------------+
|          5 | _王五        |            2 |
+------------+--------------+--------------+
```
## is null ##
**`is null`用于判断某些值是否为空**,判断是否为空不要用`=null`来判断,因为`SQL`中`null=null`返回`null`。如下`SQL`语句将选择出`student_table`表中`student_name`为`null`的所有记录。
```sql
select * from student_table
where student_name is null;
```
查询结果:
```cmd
mysql> select * from student_table;
+------------+--------------+--------------+
| student_id | student_name | java_teacher |
+------------+--------------+--------------+
|          1 | 张三         |            1 |
|          2 | 张三         |            1 |
|          3 | 李四         |            1 |
|          4 | 王五         |            2 |
|          5 | _王五        |            2 |
|          6 | NULL         |            2 |
|          7 | 赵六         |            3 |
+------------+--------------+--------------+
7 rows in set
mysql> select * from student_table
where student_name is null;
+------------+--------------+--------------+
| student_id | student_name | java_teacher |
+------------+--------------+--------------+
|          6 | NULL         |            2 |
+------------+--------------+--------------+
1 row in set
```
## and or not运算符 ##
如果`where`子句后有多个条件需要组合,`SQL`提供了`and`和`or`逻辑运算符来组合两个条件,并提供了`not`来对逻辑表达式求否。如下`SQL`语句将选出学生名字为2个字符,且`student_id`大于3的所有记录。
```sql
select * from student_table
where student_name like '__' and student_id >3;
```
查询结果:
```cmd
mysql> select * from student_table;
+------------+--------------+--------------+
| student_id | student_name | java_teacher |
+------------+--------------+--------------+
|          1 | 张三         |            1 |
|          2 | 张三         |            1 |
|          3 | 李四         |            1 |
|          4 | 王五         |            2 |
|          5 | _王五        |            2 |
|          6 | NULL         |            2 |
|          7 | 赵六         |            3 |
+------------+--------------+--------------+
7 rows in set
mysql> select * from student_table
where student_name like '__' and student_id >3;
+------------+--------------+--------------+
| student_id | student_name | java_teacher |
+------------+--------------+--------------+
|          4 | 王五         |            2 |
|          7 | 赵六         |            3 |
+------------+--------------+--------------+
2 rows in set
```
下面的`SQL`语句将选出`student_table`表中姓名不以下画线开头的所有记录。
```sql
select * from student_table
where not student_name like '\_%';
```
查询结果:
```cmd
mysql> select * from student_table;
+------------+--------------+--------------+
| student_id | student_name | java_teacher |
+------------+--------------+--------------+
|          1 | 张三         |            1 |
|          2 | 张三         |            1 |
|          3 | 李四         |            1 |
|          4 | 王五         |            2 |
|          5 | _王五        |            2 |
|          6 | NULL         |            2 |
|          7 | 赵六         |            3 |
+------------+--------------+--------------+
7 rows in set
mysql> select * from student_table
where not student_name like '\_%';
+------------+--------------+--------------+
| student_id | student_name | java_teacher |
+------------+--------------+--------------+
|          1 | 张三         |            1 |
|          2 | 张三         |            1 |
|          3 | 李四         |            1 |
|          4 | 王五         |            2 |
|          7 | 赵六         |            3 |
+------------+--------------+--------------+
5 rows in set
```
## 比较运算符 逻辑运算符的优先级 ##
当使用比较运算符、逻辑运算符来连接表达式时,必须注意这些运算符的优先级。`SQL`中比较运算符、逻辑运算符的优先级如表13.4所示。
<center><strong>表13.4 `SQL`中比较运算符、逻辑运算符的优先级</strong></center>

|运算符|优先级(越小越优先)|
|:---|:---|
|所有的比较运算符|1|
|`not`|2|
|`and`|3|
|`or`|4|

如果`SQL`代码需要改变优先级的默认顺序,则可以使用括号,**括号的优先级比所有的运算符高**。如下`SQL`语句使用括号来改变逻辑运算符的优先级。
```sql
select * from student_table
# 使用括号强制先计算or运算
where (student_id>3 or student_name>'张')
    and java_teacher>1;
```
# order by子句 #
执行查询后的查询结果**默认按插入顺序排列**;如果需要**查询结果按`某列值的大小进行排序`**,则可以使用`order by`子句。`order by`子句的语法格式如下:
```sql
order by column_name1 [desc],column_name2...
```
## 升序排列 ##
进行排序时**默认按升序排列**
## 降序排列 ##
如果强制按**降序排列**,则需要在列后使用**`desc`关键字**(**升序排列的是`asc`关键字**,用不用该关键字的效果完全一样,因为默认是按升序排列)。
上面语法中**设定排序列时可采用`列名`、`列序号`和`列别名`**。如下`SQL`语句选出`student_table`表中的所有记录,选出后按`java_teacher`列的升序排列。
```sql
select * from student_table
order by java_teacher;
```
查询结果:
```cmd
mysql> select * from student_table;
+------------+--------------+--------------+
| student_id | student_name | java_teacher |
+------------+--------------+--------------+
|          1 | 张三         |            1 |
|          2 | 张三         |            1 |
|          3 | 李四         |            1 |
|          4 | 王五         |            2 |
|          5 | _王五        |            2 |
|          6 | NULL         |            2 |
|          7 | 赵六         |            3 |
+------------+--------------+--------------+
7 rows in set
mysql> select * from student_table
order by java_teacher;
+------------+--------------+--------------+
| student_id | student_name | java_teacher |
+------------+--------------+--------------+
|          1 | 张三         |            1 |
|          2 | 张三         |            1 |
|          3 | 李四         |            1 |
|          4 | 王五         |            2 |
|          5 | _王五        |            2 |
|          6 | NULL         |            2 |
|          7 | 赵六         |            3 |
+------------+--------------+--------------+
7 rows in set
```
## 按多列排序 ##
如果需要按多列排序,则每列的`asc`、`desc`必须单独设定。如果指定了多个排序列,则**第一个排序列是首要排序列**,**只有当第一列中存在多个相同的值时,第二个排序列才会起作用**。如下`SQL`语句先按`java_teacher`列的降序排列,当`java_teacher`列的值相同时按`student_name`列的升序排列。
```sql
select * from student_table
order by java_teacher desc,student_name;
```
查询结果:
```cmd
mysql> select * from student_table;
+------------+--------------+--------------+
| student_id | student_name | java_teacher |
+------------+--------------+--------------+
|          1 | 张三         |            1 |
|          2 | 张三         |            1 |
|          3 | 李四         |            1 |
|          4 | 王五         |            2 |
|          5 | _王五        |            2 |
|          6 | NULL         |            2 |
|          7 | 赵六         |            3 |
+------------+--------------+--------------+
7 rows in set
mysql> select * from student_table
order by java_teacher desc,student_name;
+------------+--------------+--------------+
| student_id | student_name | java_teacher |
+------------+--------------+--------------+
|          7 | 赵六         |            3 |
|          6 | NULL         |            2 |
|          5 | _王五        |            2 |
|          4 | 王五         |            2 |
|          1 | 张三         |            1 |
|          2 | 张三         |            1 |
|          3 | 李四         |            1 |
+------------+--------------+--------------+
7 rows in set
```
