---
title: 13.2.11 分组和组函数
categories: 
  - 疯狂Java讲义 (第4版)
  - 第13章 MySQL数据库与JDBC编程
  - 13.2 SQL语法
date: 2019-05-27 11:34:36
updated: 2019-11-02 01:39:01
abbrlink: d1920f7c
---
- [13.2.11 分组和组函数](/ReadingNotes/d1920f7c/#13-2-11-分组和组函数)
    - [实例](/ReadingNotes/d1920f7c/#实例)
        - [sum函数](/ReadingNotes/d1920f7c/#sum函数)
        - [max函数](/ReadingNotes/d1920f7c/#max函数)
        - [min函数](/ReadingNotes/d1920f7c/#min函数)
        - [count方法](/ReadingNotes/d1920f7c/#count方法)
        - [avg方法](/ReadingNotes/d1920f7c/#avg方法)
    - [分组的情况](/ReadingNotes/d1920f7c/#分组的情况)
        - [根据某一列进行分组](/ReadingNotes/d1920f7c/#根据某一列进行分组)
        - [根据多列分组](/ReadingNotes/d1920f7c/#根据多列分组)
- [要求java_teacher,student_name这两列的值都相同的记录作为一组](/ReadingNotes/d1920f7c/#要求java-teacher,student-name这两列的值都相同的记录作为一组)
- [要求java_teacher,student_name这两列的值都相同的记录作为一组](/ReadingNotes/d1920f7c/#要求java-teacher,student-name这两列的值都相同的记录作为一组)
        - [处理不在group by以及组函数中的列](/ReadingNotes/d1920f7c/#处理不在group-by以及组函数中的列)
- [student_name这列没有出现在group by子句中,](/ReadingNotes/d1920f7c/#student-name这列没有出现在group-by子句中,)
- [也没有出现在分组函数count之中,](/ReadingNotes/d1920f7c/#也没有出现在分组函数count之中,)
- [MySQL将显示遇到的第一条记录时student_name的值。](/ReadingNotes/d1920f7c/#MySQL将显示遇到的第一条记录时student-name的值。)
- [也没有出现在分组函数count之中,](/ReadingNotes/d1920f7c/#也没有出现在分组函数count之中,)
- [MySQL将显示遇到的第一条记录时student_name的值。](/ReadingNotes/d1920f7c/#MySQL将显示遇到的第一条记录时student-name的值。)
    - [having子句](/ReadingNotes/d1920f7c/#having子句)

<!--more-->
<script src="https://cdn.bootcss.com/jquery/3.4.0/jquery.slim.min.js"></script>
<script>$(document).ready(function () {$(".post-body > ul:nth-child(1)").hide();});</script>

<!--end-->
# 13.2.11 分组和组函数 #
**组函数**也就是前面提到的**多行函数**,**组函数将一组记录作为整体计算,每组记录返回一个结果,而不是每条记录返回一个结果**。常用的组函数有如下5个。
- `avg([distinct|all]表达式)`:计算多行`表达式`的**平均值**,其中,`表达式`可以是变量、常量或数据列,但其数据类型必须是数值型。还可以在变量、列前使用`distinct`或`all`关键字,如果使用`distinct`,则表明不计算重复值;`all`用和不用的效果完全一样,表明需要计算重复值。
- `count({*|[distinct|all]表达式})`:计算多行`表达式`的**总条数**,其中,`表达式`可以是变量、常量或数据列,其数据类型可以是任意类型;用星号(`*`)表示统计该表内的记录行数;`distinct`表示不计算重复值。
- `max(表达式)`:计算多行`表达式`的**最大值**,其中`表达式`可以是变量、常量或数据列,其数据类型可以是任意类型。
- `min(表达式)`:计算多行`表达式`的**最小值**,其中`表达式`可以是变量、常量或数据列,其数据类型可以是任意类型。
- `sum([distinct|all]表达式)`:计算多行`表达式`的**总和**,其中,`表达式`可以是变量、常量或数据列,但其数据类型必须是数值型;`distinct`表示不计算重复值。

## 实例 ##
### sum函数 ###
#### 统计某列的总和 ####
统计所有`student_id`的总和
```sql
select sum(student_id)
from student_table;
```
计算结果:
```cmd
mysql> select *
from student_table;
+------------+--------------+--------------+
| student_id | student_name | java_teacher |
+------------+--------------+--------------+
|          1 | 张三         |            1 |
|          2 | 张三         |            1 |
|          3 | 李四         |            1 |
|          4 | 王五         |            2 |
|          5 | _王五        |            2 |
|          6 | NULL         |            2 |
|          7 | 赵六         |            3 |
+------------+--------------+--------------+
7 rows in set
mysql> select sum(student_id)
from student_table;
+-----------------+
| sum(student_id) |
+-----------------+
| 28              |
+-----------------+
1 row in set
```
#### 每行都加上一个常数 ####
```sql
select sum(20)
from student_table;
```
计算结果:
```cmd
mysql> select *
from student_table;
+------------+--------------+--------------+
| student_id | student_name | java_teacher |
+------------+--------------+--------------+
|          1 | 张三         |            1 |
|          2 | 张三         |            1 |
|          3 | 李四         |            1 |
|          4 | 王五         |            2 |
|          5 | _王五        |            2 |
|          6 | NULL         |            2 |
|          7 | 赵六         |            3 |
+------------+--------------+--------------+
7 rows in set
mysql> select sum(20)
from student_table;
+---------+
| sum(20) |
+---------+
| 140     |
+---------+
1 row in set
```
#### 不累加值相同的行 ####
因为`sum`里的`表达式`是常量34,所以每行的值都相同使用 `distinct`强制不计算重复值,所以下面计算结果为34
```sql
select sum(distinct 34)
from student_table;
```
计算结果:
```cmd
mysql> select *
from student_table;
+------------+--------------+--------------+
| student_id | student_name | java_teacher |
+------------+--------------+--------------+
|          1 | 张三         |            1 |
|          2 | 张三         |            1 |
|          3 | 李四         |            1 |
|          4 | 王五         |            2 |
|          5 | _王五        |            2 |
|          6 | NULL         |            2 |
|          7 | 赵六         |            3 |
+------------+--------------+--------------+
7 rows in set
mysql> select sum(distinct 34)
from student_table;
+------------------+
| sum(distinct 34) |
+------------------+
| 34               |
+------------------+
1 row in set
```
### max函数 ###
选出`student_table`表中`student_id`最大的值
```sql
select max(student_id)
from student_table;
```
计算结果:
```cmd
mysql> select *
from student_table;
+------------+--------------+--------------+
| student_id | student_name | java_teacher |
+------------+--------------+--------------+
|          1 | 张三         |            1 |
|          2 | 张三         |            1 |
|          3 | 李四         |            1 |
|          4 | 王五         |            2 |
|          5 | _王五        |            2 |
|          6 | NULL         |            2 |
|          7 | 赵六         |            3 |
+------------+--------------+--------------+
7 rows in set
mysql> select max(student_id)
from student_table;
+-----------------+
| max(student_id) |
+-----------------+
|               7 |
+-----------------+
1 row in set
```
### min函数 ###
选出`teacher_table`表中`teacher_id`最小的值
```sql
select min(teacher_id)
from teacher_table;
```
计算结果:
```cmd
mysql> select *
from student_table;
+------------+--------------+--------------+
| student_id | student_name | java_teacher |
+------------+--------------+--------------+
|          1 | 张三         |            1 |
|          2 | 张三         |            1 |
|          3 | 李四         |            1 |
|          4 | 王五         |            2 |
|          5 | _王五        |            2 |
|          6 | NULL         |            2 |
|          7 | 赵六         |            3 |
+------------+--------------+--------------+
7 rows in set
mysql> select min(teacher_id)
from teacher_table;
+-----------------+
| min(teacher_id) |
+-----------------+
|               1 |
+-----------------+
1 row in set
```
### count方法 ###
使用`count`统计记录行数时,`null`不会被计算在内
```sql
select count(student_name)
from student_table;
```
统计结果:
```cmd
mysql> select *
from student_table;
+------------+--------------+--------------+
| student_id | student_name | java_teacher |
+------------+--------------+--------------+
|          1 | 张三         |            1 |
|          2 | 张三         |            1 |
|          3 | 李四         |            1 |
|          4 | 王五         |            2 |
|          5 | _王五        |            2 |
|          6 | NULL         |            2 |
|          7 | 赵六         |            3 |
+------------+--------------+--------------+
7 rows in set
mysql> select count(student_name)
from student_table;
+---------------------+
| count(student_name) |
+---------------------+
|                   6 |
+---------------------+
1 row in set
```
### avg方法 ###
对于可能出现`null`的列,可以使用`ifnull`函数来处理该列。
计算`java_teacher`列所有记录的平均值
```sql
select avg(ifnull(java_teacher,0))
from student_table;
```
计算结果:
```cmd
mysql> select *
from student_table;
+------------+--------------+--------------+
| student_id | student_name | java_teacher |
+------------+--------------+--------------+
|          1 | 张三         |            1 |
|          2 | 张三         |            1 |
|          3 | 李四         |            1 |
|          4 | 王五         |            2 |
|          5 | _王五        |            2 |
|          6 | NULL         |            2 |
|          7 | 赵六         |            3 |
+------------+--------------+--------------+
7 rows in set
mysql> select avg(ifnull(java_teacher,0))
from student_table;
+-----------------------------+
| avg(ifnull(java_teacher,0)) |
+-----------------------------+
| 1.7143                      |
+-----------------------------+
1 row in set
```
值得指出的是,`distinct`和`*`不能同时使用,如下`SQL`语句有错误。
```sql
select count(distinct *)
from student_table;
```
错误:
```cmd
mysql> select *
from student_table;
+------------+--------------+--------------+
| student_id | student_name | java_teacher |
+------------+--------------+--------------+
|          1 | 张三         |            1 |
|          2 | 张三         |            1 |
|          3 | 李四         |            1 |
|          4 | 王五         |            2 |
|          5 | _王五        |            2 |
|          6 | NULL         |            2 |
|          7 | 赵六         |            3 |
+------------+--------------+--------------+
7 rows in set
mysql> select count(distinct *)
from student_table;
1064 - You have an error in your SQL syntax; check the manual that corresponds to your MySQL server version for the right syntax to use near '*)
from student_table' at line 1
```
## 分组的情况 ##
在默认情况下,组函数会把所有记录当成一组,为了对记录进行显式分组,可以在`select`语句后使用`group by`子句,`group by`子句后通常跟一个或多个列名,表明查询结果根据一列或多列进行分组——**当一列或多列组合的值完全相同时,系统会把这些记录当成一组**。如下`SQL`语句所示:
### 根据某一列进行分组 ###
`count(*)`将会对每组得到一个结果:
```sql
select java_teacher,count(*)
from student_table
group by java_teacher;
```
查询结果:
```cmd
mysql> select *
from student_table;
+------------+--------------+--------------+
| student_id | student_name | java_teacher |
+------------+--------------+--------------+
|          1 | 张三         |            1 |
|          2 | 张三         |            1 |
|          3 | 李四         |            1 |
|          4 | 王五         |            2 |
|          5 | _王五        |            2 |
|          6 | NULL         |            2 |
|          7 | 赵六         |            3 |
+------------+--------------+--------------+
7 rows in set
mysql> select java_teacher,count(*)
from student_table
group by java_teacher;
+--------------+----------+
| java_teacher | count(*) |
+--------------+----------+
|            1 |        3 |
|            2 |        3 |
|            3 |        1 |
+--------------+----------+
3 rows in set
```
### 根据多列分组 ###
如果对多列进行分组,则**要求多列的值完全相同才会被当成一组**。如下`SQL`语句所示:
```sql
select student_name,java_teacher,count(*)
from student_table
# 要求java_teacher,student_name这两列的值都相同的记录作为一组
group by java_teacher,student_name;
```
查询结果:
```cmd
mysql> select *
from student_table;
+------------+--------------+--------------+
| student_id | student_name | java_teacher |
+------------+--------------+--------------+
|          1 | 张三         |            1 |
|          2 | 张三         |            1 |
|          3 | 李四         |            1 |
|          4 | 王五         |            2 |
|          5 | _王五        |            2 |
|          6 | NULL         |            2 |
|          7 | 赵六         |            3 |
+------------+--------------+--------------+
7 rows in set
mysql> select student_name,java_teacher,count(*)
from student_table
# 要求java_teacher,student_name这两列的值都相同的记录作为一组
group by java_teacher,student_name;
+--------------+--------------+----------+
| student_name | java_teacher | count(*) |
+--------------+--------------+----------+
| 张三         |            1 |        2 |
| 李四         |            1 |        1 |
| NULL         |            2 |        1 |
| _王五        |            2 |        1 |
| 王五         |            2 |        1 |
| 赵六         |            3 |        1 |
+--------------+--------------+----------+
6 rows in set
```
### 处理不在group by以及组函数中的列 ###
对于很多数据库而言,分组计算时有严格的规则——如果查询列表中使用了组函数,或者`select`语句中使用了`group by`分组子句,则要求出现在`select`列表中的字段,要么使用组函数包起来,要么必须出现在`group by`子句中。这条规则很容易理解,因为一旦使用了组函数或使用了`group by`子句,都将导致**多条记录只有一条输出**,系统无法确定输出多条记录中的哪一条记录。
对于`MySQL`来说,并没有上面的规则要求,如果某个数据列既没有出现在`group by`之后,也没有使用组函数包起来,则`MySQL`会输出该列的第一条记录的值。图13.15显示了`MySQL`的处理结果。
![这里有一张图片](https://image-1257720033.cos.ap-shanghai.myqcloud.com/blog/readbooknote/fangkuangJavaJiangYi3/13/4.png)
```sql
# student_name这列没有出现在group by子句中,
# 也没有出现在分组函数count之中,
# MySQL将显示遇到的第一条记录时student_name的值。
select student_name,java_teacher,count(java_teacher)
from student_table
group by java_teacher;
```
运行结果:
```cmd
mysql> select *
from student_table;
+------------+--------------+--------------+
| student_id | student_name | java_teacher |
+------------+--------------+--------------+
|          1 | 张三         |            1 |
|          2 | 张三         |            1 |
|          3 | 李四         |            1 |
|          4 | 王五         |            2 |
|          5 | _王五        |            2 |
|          6 | NULL         |            2 |
|          7 | 赵六         |            3 |
+------------+--------------+--------------+
7 rows in set
mysql> # student_name这列没有出现在group by子句中,
# 也没有出现在分组函数count之中,
# MySQL将显示遇到的第一条记录时student_name的值。
select student_name,java_teacher,count(java_teacher)
from student_table
group by java_teacher;
+--------------+--------------+---------------------+
| student_name | java_teacher | count(java_teacher) |
+--------------+--------------+---------------------+
| 张三         |            1 |                   3 |
| 王五         |            2 |                   3 |
| 赵六         |            3 |                   1 |
+--------------+--------------+---------------------+
3 rows in set
```
## having子句 ##
如果需要**对分组进行过滤**,则应该使用`having`子句,`having`子句后面也是一个条件表达式,只有满足该条件表达式的分组才会被选出来。`having`子句和`where`子句非常容易混淆,它们都有过滤功能,但它们有如下区别。
- 不能在`where`子句中过滤组,`where`子句仅用于过滤行。过滤组必须使用`having`子句。
- 不能在`where`子句中使用组函数,`having`子句才可使用组函数。

如下`SQL`语句所示:
```sql
select java_teacher,count(*)
from student_table
group by java_teacher
having count(*)>2;
```
查询结果:
```cmd
mysql> select *
from student_table;
+------------+--------------+--------------+
| student_id | student_name | java_teacher |
+------------+--------------+--------------+
|          1 | 张三         |            1 |
|          2 | 张三         |            1 |
|          3 | 李四         |            1 |
|          4 | 王五         |            2 |
|          5 | _王五        |            2 |
|          6 | NULL         |            2 |
|          7 | 赵六         |            3 |
+------------+--------------+--------------+
7 rows in set
mysql> select java_teacher,count(*)
from student_table
group by java_teacher
having count(*)>2;
+--------------+----------+
| java_teacher | count(*) |
+--------------+----------+
|            1 |        3 |
|            2 |        3 |
+--------------+----------+
2 rows in set

```
