---
title: 10.3 MyBatis调用存储过程 10.3.1插入数据
categories: 
  - Spring+Mybatis企业应用实战(第2版)
  - 第10章 深入使用MyBatis
date: 2019-06-10 19:13:12
updated: 2019-11-02 01:38:59
abbrlink: '3025e48'
---
- [10.3 MyBatis调用存储过程](/ReadingNotes/3025e48/#10-3-MyBatis调用存储过程)
- [10.3.1插入数据](/ReadingNotes/3025e48/#10-3-1插入数据)
    - [测试数据](/ReadingNotes/3025e48/#测试数据)
- [创建数据表](/ReadingNotes/3025e48/#创建数据表)
- [插入数据](/ReadingNotes/3025e48/#插入数据)
    - [创建存储过程](/ReadingNotes/3025e48/#创建存储过程)
        - [存储过程代码详解](/ReadingNotes/3025e48/#存储过程代码详解)
        - [命令行调用存储过程](/ReadingNotes/3025e48/#命令行调用存储过程)
        - [显示存储过程的输出](/ReadingNotes/3025e48/#显示存储过程的输出)
    - [创建持久化对象](/ReadingNotes/3025e48/#创建持久化对象)
    - [编写Mapper.xml映射文件](/ReadingNotes/3025e48/#编写Mapper-xml映射文件)
    - [编写mapper接口](/ReadingNotes/3025e48/#编写mapper接口)
    - [编写测试类](/ReadingNotes/3025e48/#编写测试类)
    - [运行效果](/ReadingNotes/3025e48/#运行效果)

<!--more-->
<script src="https://cdn.bootcss.com/jquery/3.4.0/jquery.slim.min.js"></script>
<script>$(document).ready(function () {$(".post-body > ul:nth-child(1)").hide();});</script>

<!--end-->
# 10.3 MyBatis调用存储过程 #
`SQL`语句在执行的时候需要先编译,然后执行。数据库的存储过程(`Procedure`)是组为了完成特定功能的`SQL`语句,编译后存储在数据库中,用户通过指定存储过程的名字并给定参数(如果该存储过程带有参数)来调用存储过程。
使用存储过程可提高数据库执行速度,并且存储过程可以重复使用,从而减少数据库开发人员的工作量。
下面重点介绍如何使用`MyBatis`调用存储过程。
# 10.3.1插入数据 #
## 测试数据 ##
```sql
# 创建数据表
DROP TABLE IF EXISTS `tb_user`;
CREATE TABLE `tb_user` (
  `id` int(11) NOT NULL AUTO_INCREMENT,
  `name` varchar(18) DEFAULT NULL,
  `sex` char(2) DEFAULT NULL,
  `age` int(11) DEFAULT NULL,
  PRIMARY KEY (`id`)
) ENGINE=InnoDB DEFAULT CHARSET=utf8mb4;
# 插入数据
INSERT INTO `tb_user` VALUES ('1', '小明', '男', '21');
INSERT INTO `tb_user` VALUES ('2', '小王', '男', '22');
INSERT INTO `tb_user` VALUES ('3', '小丽', '女', '18');
INSERT INTO `tb_user` VALUES ('4', '小芳', '女', '18');
```

## 创建存储过程 ##
在之前创建的`mybatis`数据库中创建一个插入`tb_user`表数据的存储过程,`SQL`脚本如下:
```sql
drop procedure if exists insert_user;
DELIMITER $$ 
CREATE PROCEDURE insert_user (
    OUT v_id int,
    in v_name varchar(18),
    in v_sex varchar(19),
    in v_age int
)
BEGIN
	INSERT INTO tb_user (name,sex,age) VALUES (v_name,v_sex,v_age);
	SET v_id=LAST_INSERT_ID();
END
$$
DELIMITER ;
```
### 存储过程代码详解 ###
以上存储过程代码解释如下:
- `DELIMITER`是`MySQL`解释器,用于规定`SQL`语句的结束符,默认情况`SQL`语句的结束符是分号(`;`).为了录入存储过程中的`SQL`语句,我们需要先把默认的结束符(`;`)换成其他字符,录入结束后再把结束符换回分号.
- 在存储过程中使用参数时,除了参数名和参数类型之外,还建议指定参数的`mode`(模式),可选值为`IN`、`OUT`和`INOUT`三种。
    - 输入参数使用`IN`,
    - 输出参数(返回)使用`OUT`,
    - 输入输出参数使用 `INOUT`。
- `LAST_INSERT_ID`是 `MySQL`的函数,和`AUTO_INCREMENT`属性一起使用,当往带有`AUTO_INCREMENT`属性字段的表中新增数据时, `LAST_INSERT_ID`函数返回该字段的值。

### 命令行调用存储过程 ###
调用示例如下:
```sql
call insert_user(@output,'小王','男',22);
```
第一个参数`@output`是一个变量,用来接收存储过程的输出.
其三个参数是存储过程的输入.
### 显示存储过程的输出 ###
`select 输出变量名;`即可显示存储过程的输出,如下代码所示:
```sql
select @output;
```
运行结果如下:
```cmd
mysql> call insert_user(@output,'小王','男',22);
Database changed
mysql> select @output;
+---------+
| @output |
+---------+
|       5 |
+---------+
1 row in set
```
此时`tb_user`表中的数据如下:
```cmd
mysql> select * from tb_user;
+----+------+-----+-----+
| id | name | sex | age |
+----+------+-----+-----+
|  1 | 小明 | 男  |  21 |
|  2 | 小王 | 男  |  22 |
|  3 | 小丽 | 女  |  18 |
|  4 | 小芳 | 女  |  18 |
|  5 | 小王 | 男  |  22 |
+----+------+-----+-----+
5 rows in set
```
## 创建持久化对象 ##
```java
package domain;
public class User {
    private Integer id;
    private String name;
    private String sex;
    private Integer age;
    public User()
    {
        super();
    }
    // 此处省略getter和setter方法,请自己补上
    @Override
    public String toString()
    {
        return "User [id=" + id + ", name=" + name + ", sex=" + sex + ", age=" + age + "]";
    }
}
```
## 编写Mapper.xml映射文件 ##
```xml
<insert
    id="inserUser"
    parameterType="domain.User"
    statementType="CALLABLE"> {
    call insert_user(
        #{id,mode=OUT,jdbcType=INTEGER},
        #{name,mode=IN},
        #{sex,mode=IN},
        #{age,mode=IN}
    ) }
</insert>
```
`insert`标签调用名为"`insert_user`"的存储过程完成一个插入数据的操作。调用存储过程时,需要把`statementType`属性的值设置为"`CALLABLE`"。
"`call`"是用来调用存储过程的关键字,需要注意的是,`OUT`模式的参数必须指定`jdbcType`,这是因为在`IN`模式下,`MyBatis`提供了默认的`jdbcType`,而在`OUT`模式下没有提供。
注意`id`列的参数`jdbcType`不要写成`javaType`.
## 编写mapper接口 ##
```java
package mapper;
import domain.User;
public interface UserMapper {
    void inserUser(User user);
}
```
## 编写测试类 ##
```java
package test;
import domain.User;
import org.apache.ibatis.session.SqlSession;
import fractory.SqlSessionFratoryTools;
import mapper.UserMapper;
public class inserTest {
    public static void main(String[] args)
    {
        SqlSession sqlSession = null;
        // 1.获取SqlSession实例
        sqlSession = SqlSessionFratoryTools.getSqlSession();
        try
        {
            // 2.获取Mapper接口的代理对象
            UserMapper userMapper = sqlSession.getMapper(UserMapper.class);
            User user = new User();
            user.setAge(23);
            user.setName("小李");
            user.setSex("男");
            // 4.调用mapper接口方法进行操作
            userMapper.inserUser(user);
            // 5.提交事务
            sqlSession.commit();
            System.out.println("自动生成的Id:" + user.getId());
        } catch (Exception e)
        {
            // 6.出错回滚
            sqlSession.rollback();
            e.printStackTrace();
        } finally
        {
            // 7.关闭会话
            if (sqlSession != null)
            {
                sqlSession.close();
            }
        }
    }
}
```
## 运行效果 ##
此时`tb_user`表中的数据如下:
```cmd
mysql> select * from tb_user;
+----+------+-----+-----+
| id | name | sex | age |
+----+------+-----+-----+
|  1 | 小明 | 男  |  21 |
|  2 | 小王 | 男  |  22 |
|  3 | 小丽 | 女  |  18 |
|  4 | 小芳 | 女  |  18 |
|  5 | 小王 | 男  |  22 |
+----+------+-----+-----+
5 rows in set
```
运行测试类,`inserUser()`方法将会插入一个用户记录到数据库表中,并输出自动生成的`id`值。控制台显示如下:
```cmd
DEBUG [main] ==>  Preparing: { call insert_user( ?, ?, ?, ? ) } 
DEBUG [main] ==> Parameters: 小李(String), 男(String), 23(Integer)
DEBUG [main] <==    Updates: 1
自动生成的Id:6
```
可以看到,`MyBatis`调用了名为"`insert_user`"的存储过程,并且传入了`4`个参数.其中第一个参数`id`用来接收存储过程的输出.所以尽管我们没有给`user`对象的`id`属性复制,但是存储过程插入成功后,`id`属性的值变成了`6`.
查询数据库,可以看到`tb_user`表中插入了一条新的记录,如下所示:
```cmd
mysql> select * from tb_user;
+----+------+-----+-----+
| id | name | sex | age |
+----+------+-----+-----+
|  1 | 小明 | 男  |  21 |
|  2 | 小王 | 男  |  22 |
|  3 | 小丽 | 女  |  18 |
|  4 | 小芳 | 女  |  18 |
|  5 | 小王 | 男  |  22 |
|  6 | 小李 | 男  |  23 |
+----+------+-----+-----+
6 rows in set
```

